Title,Jump URL,Logo,Release Time
泛955公司名单最新版,https://mp.weixin.qq.com/s/CU2qP9KBXkKy7dZ6O582Aw,https://offerzhip.cn/salary_list_logo/369663b5-ca24-4e97-bb59-29200d0dd051.png,2022-12-28
2018年度最受求职者关注互联网公司TOP100,https://mp.weixin.qq.com/s/VKEhtyzbCAy8BzjEBSKTYg,https://offerzhip.cn/salary_list_logo/ac5a818a-4eea-48a4-b4d5-e7dcd20bb880.png,2019-04-04
2019年互联网校招求职指南-苏州篇,https://mp.weixin.qq.com/s/ujNkZO4Ya_w3o_J1qi2oLg,https://offerzhip.cn/salary_list_logo/52ef468c-84aa-4b64-be7b-4ebae9f05d77.jpg,2019-03-31
2019年互联网校招求职指南-广州篇,https://mp.weixin.qq.com/s/4CLs6bcgnTJvd584ee-K3A,https://offerzhip.cn/salary_list_logo/7f19afa5-6524-452c-8072-00f0bb826513.jpg,2019-02-20
2019年互联网校招求职指南-南京篇,https://mp.weixin.qq.com/s/fz2YV7Dq2Ui4p7huTtpvBA,https://offerzhip.cn/salary_list_logo/b9edf52e-64b5-46d2-a1ec-120cecb34bf2.jpg,2019-02-17
2019年互联网校招求职指南-西安篇,https://mp.weixin.qq.com/s/S-V8STecPDFlJ6Sio9n-BQ,https://offerzhip.cn/salary_list_logo/401e60dc-69d1-4df5-a1c4-802cfd36be35.jpg,2019-02-14
2019年互联网校招求职指南-深圳篇,https://mp.weixin.qq.com/s/LcoKTOAEY3WwQLEomFmLVw,https://offerzhip.cn/salary_list_logo/fe8dc14c-64cb-497c-ab53-a8e54bb8703d.jpg,2018-12-28
2019年互联网校招求职指南-上海篇,https://mp.weixin.qq.com/s/D1lqvlpLAR2L2NL0ljskXw,https://offerzhip.cn/salary_list_logo/924434b7-d9dc-4365-bd56-8dceb06595d8.jpg,2018-12-26
2019年互联网校招求职指南-杭州篇,https://mp.weixin.qq.com/s/4xTq1lXNeYDRxANNLB70fg,https://offerzhip.cn/salary_list_logo/e0407950-1209-46c2-b995-97c8dc0fb906.jpg,2018-12-24
2019年互联网校招求职指南-北京篇,https://mp.weixin.qq.com/s/rAiCQj7PirDwpikQfer-MQ,https://offerzhip.cn/salary_list_logo/5ab6f51a-54bd-4a9c-908a-07a47640e99a.jpg,2018-12-21
2019届互联网校招本科薪酬清单,https://mp.weixin.qq.com/s/OOkat0ZO3dESKz6XsCdFJQ,https://offerzhip.cn/salary_list_logo/cc2e9367-f154-4c5a-8248-82f13f178a22.jpg,2018-12-03
2019届互联网校招高薪清单,https://mp.weixin.qq.com/s/qa2rqNf8SIJZ1Ly2qVs9Lg,https://offerzhip.cn/salary_list_logo/9c342084-0ac8-49f1-a215-c332b77e8937.jpg,2018-11-21
